ID IA,ID Gestion,Valor,Usuario,IP,Fecha Sys
1,1078784,CORRECTIVA,SystemMigra,null,03 Jul 2012 07:53:15
2,1078784, ,SystemMigra,null,03 Jul 2012 07:53:15
3,1078784,1,SystemMigra,null,03 Jul 2012 07:53:15
4,1078784,15,SystemMigra,null,03 Jul 2012 07:53:15
5,1078784,21/02/2012,SystemMigra,null,03 Jul 2012 07:53:15
6,1078785,CORRECTIVA,SystemMigra,null,03 Jul 2012 07:53:15
7,1078785, ,SystemMigra,null,03 Jul 2012 07:53:15
8,1078785,1,SystemMigra,null,03 Jul 2012 07:53:15
9,1078785,13/01/2012,SystemMigra,null,03 Jul 2012 07:53:15
10,1078785,9,SystemMigra,null,03 Jul 2012 07:53:15
11,1078786,CORRECTIVA,SystemMigra,null,03 Jul 2012 07:53:15
12,1078786, ,SystemMigra,null,03 Jul 2012 07:53:15
13,1078786,1,SystemMigra,null,03 Jul 2012 07:53:15
14,1078786,6,SystemMigra,null,03 Jul 2012 07:53:15
15,1078786,08/02/2012,SystemMigra,null,03 Jul 2012 07:53:15
16,1078787,CORRECTIVA,SystemMigra,null,03 Jul 2012 07:53:15
17,1078787, ,SystemMigra,null,03 Jul 2012 07:53:15
18,1078787,1,SystemMigra,null,03 Jul 2012 07:53:15
19,1078787,20/01/2011,SystemMigra,null,03 Jul 2012 07:53:15
20,1078787,13,SystemMigra,null,03 Jul 2012 07:53:15
21,1078788,CORRECTIVA,SystemMigra,null,03 Jul 2012 07:53:15
22,1078788, ,SystemMigra,null,03 Jul 2012 07:53:15
23,1078788,1,SystemMigra,null,03 Jul 2012 07:53:15
24,1078788,1,SystemMigra,null,03 Jul 2012 07:53:15
25,1078788,01/03/2012,SystemMigra,null,03 Jul 2012 07:53:15
26,1078789,CORRECTIVA,SystemMigra,null,03 Jul 2012 07:53:15
27,1078789, ,SystemMigra,null,03 Jul 2012 07:53:15
28,1078789,1,SystemMigra,null,03 Jul 2012 07:53:15
29,1078789,12,SystemMigra,null,03 Jul 2012 07:53:15
30,1078789,17/05/2011,SystemMigra,null,03 Jul 2012 07:53:15
31,1078790,CORRECTIVA,SystemMigra,null,03 Jul 2012 07:53:15
32,1078790, ,SystemMigra,null,03 Jul 2012 07:53:15
33,1078790,1,SystemMigra,null,03 Jul 2012 07:53:15
34,1078790,04/02/2012,SystemMigra,null,03 Jul 2012 07:53:15
35,1078790,3,SystemMigra,null,03 Jul 2012 07:53:15
36,1078791,CORRECTIVA,SystemMigra,null,03 Jul 2012 07:53:15
37,1078791, ,SystemMigra,null,03 Jul 2012 07:53:15
38,1078791,1,SystemMigra,null,03 Jul 2012 07:53:15
39,1078791,10,SystemMigra,null,03 Jul 2012 07:53:15
40,1078791,14/10/2011,SystemMigra,null,03 Jul 2012 07:53:15
41,1078792,CORRECTIVA,SystemMigra,null,03 Jul 2012 07:53:15
42,1078792, ,SystemMigra,null,03 Jul 2012 07:53:15
43,1078792,1,SystemMigra,null,03 Jul 2012 07:53:15
44,1078792,6,SystemMigra,null,03 Jul 2012 07:53:15
45,1078792,09/05/2012,SystemMigra,null,03 Jul 2012 07:53:15
46,1078793,CORRECTIVA,SystemMigra,null,03 Jul 2012 07:53:15
47,1078793, ,SystemMigra,null,03 Jul 2012 07:53:15
48,1078793,1,SystemMigra,null,03 Jul 2012 07:53:15
49,1078793,10,SystemMigra,null,03 Jul 2012 07:53:15
50,1078793,15/05/2012,SystemMigra,null,03 Jul 2012 07:53:15
51,1078794,CORRECTIVA,SystemMigra,null,03 Jul 2012 07:53:15
52,1078794, ,SystemMigra,null,03 Jul 2012 07:53:15
53,1078794,1,SystemMigra,null,03 Jul 2012 07:53:15
54,1078794,09/02/2012,SystemMigra,null,03 Jul 2012 07:53:15
55,1078794,7,SystemMigra,null,03 Jul 2012 07:53:15
56,1078795,CORRECTIVA,SystemMigra,null,03 Jul 2012 07:53:15
57,1078795, ,SystemMigra,null,03 Jul 2012 07:53:15
58,1078795,1,SystemMigra,null,03 Jul 2012 07:53:15
59,1078795,4,SystemMigra,null,03 Jul 2012 07:53:15
60,1078795,09/04/2012,SystemMigra,null,03 Jul 2012 07:53:15
61,1078796,CORRECTIVA,SystemMigra,null,03 Jul 2012 07:53:15
62,1078796, ,SystemMigra,null,03 Jul 2012 07:53:15
63,1078796,1,SystemMigra,null,03 Jul 2012 07:53:15
64,1078796,21/06/2011,SystemMigra,null,03 Jul 2012 07:53:15
65,1078796,14,SystemMigra,null,03 Jul 2012 07:53:15
66,1078797,CORRECTIVA,SystemMigra,null,03 Jul 2012 07:53:15
67,1078797, ,SystemMigra,null,03 Jul 2012 07:53:15
68,1078797,1,SystemMigra,null,03 Jul 2012 07:53:15
69,1078797,03/10/2011,SystemMigra,null,03 Jul 2012 07:53:15
70,1078797,1,SystemMigra,null,03 Jul 2012 07:53:15
71,1078798,CORRECTIVA,SystemMigra,null,03 Jul 2012 07:53:15
72,1078798, ,SystemMigra,null,03 Jul 2012 07:53:15
73,1078798,2,SystemMigra,null,03 Jul 2012 07:53:15
74,1078798,3,SystemMigra,null,03 Jul 2012 07:53:15
75,1078798,05/12/2011,SystemMigra,null,03 Jul 2012 07:53:15
76,1078799, ,SystemMigra,null,03 Jul 2012 07:53:15
77,1078799,1,SystemMigra,null,03 Jul 2012 07:53:15
78,1078799,6,SystemMigra,null,03 Jul 2012 07:53:15
79,1078799,CORRECTIVA,SystemMigra,null,03 Jul 2012 07:53:15
80,1078799,10/01/2012,SystemMigra,null,03 Jul 2012 07:53:15
81,1078800, ,SystemMigra,null,03 Jul 2012 07:53:15
82,1078800,2,SystemMigra,null,03 Jul 2012 07:53:15
83,1078800,3,SystemMigra,null,03 Jul 2012 07:53:15
84,1078800,06/07/2011,SystemMigra,null,03 Jul 2012 07:53:15
85,1078800,CORRECTIVA,SystemMigra,null,03 Jul 2012 07:53:15
86,1078801, ,SystemMigra,null,03 Jul 2012 07:53:15
87,1078801,2,SystemMigra,null,03 Jul 2012 07:53:15
88,1078801,CORRECTIVA,SystemMigra,null,03 Jul 2012 07:53:15
89,1078801,4,SystemMigra,null,03 Jul 2012 07:53:15
90,1078801,05/01/2012,SystemMigra,null,03 Jul 2012 07:53:15
91,1078802, ,SystemMigra,null,03 Jul 2012 07:53:15
92,1078802,1,SystemMigra,null,03 Jul 2012 07:53:15
93,1078802,9,SystemMigra,null,03 Jul 2012 07:53:15
94,1078802,13/01/2012,SystemMigra,null,03 Jul 2012 07:53:15
95,1078802,CORRECTIVA,SystemMigra,null,03 Jul 2012 07:53:15
96,1078803, ,SystemMigra,null,03 Jul 2012 07:53:15
97,1078803,2,SystemMigra,null,03 Jul 2012 07:53:15
98,1078803,9,SystemMigra,null,03 Jul 2012 07:53:15
99,1078803,16/04/2012,SystemMigra,null,03 Jul 2012 07:53:15
100,1078803,CORRECTIVA,SystemMigra,null,03 Jul 2012 07:53:15
101,1078804, ,SystemMigra,null,03 Jul 2012 07:53:15
102,1078804,1,SystemMigra,null,03 Jul 2012 07:53:15
103,1078804,10,SystemMigra,null,03 Jul 2012 07:53:15
104,1078804,CORRECTIVA,SystemMigra,null,03 Jul 2012 07:53:15
105,1078804,15/06/2011,SystemMigra,null,03 Jul 2012 07:53:15
106,1078805,1,SystemMigra,null,03 Jul 2012 07:53:15
107,1078805, ,SystemMigra,null,03 Jul 2012 07:53:15
108,1078805,10,SystemMigra,null,03 Jul 2012 07:53:15
109,1078805,17/04/2012,SystemMigra,null,03 Jul 2012 07:53:15
110,1078805,CORRECTIVA,SystemMigra,null,03 Jul 2012 07:53:15
111,1078806, ,SystemMigra,null,03 Jul 2012 07:53:15
112,1078806,1,SystemMigra,null,03 Jul 2012 07:53:15
113,1078806,10,SystemMigra,null,03 Jul 2012 07:53:15
114,1078806,16/01/2012,SystemMigra,null,03 Jul 2012 07:53:15
115,1078806,CORRECTIVA,SystemMigra,null,03 Jul 2012 07:53:15
116,1078807, ,SystemMigra,null,03 Jul 2012 07:53:15
117,1078807,1,SystemMigra,null,03 Jul 2012 07:53:15
118,1078807,12,SystemMigra,null,03 Jul 2012 07:53:15
119,1078807,16/02/2012,SystemMigra,null,03 Jul 2012 07:53:15
120,1078807,CORRECTIVA,SystemMigra,null,03 Jul 2012 07:53:15
121,1078808, ,SystemMigra,null,03 Jul 2012 07:53:15
122,1078808,1,SystemMigra,null,03 Jul 2012 07:53:15
123,1078808,12,SystemMigra,null,03 Jul 2012 07:53:15
124,1078808,CORRECTIVA,SystemMigra,null,03 Jul 2012 07:53:15
125,1078808,20/01/2009,SystemMigra,null,03 Jul 2012 07:53:15
126,1078809, ,SystemMigra,null,03 Jul 2012 07:53:15
127,1078809,1,SystemMigra,null,03 Jul 2012 07:53:15
128,1078809,7,SystemMigra,null,03 Jul 2012 07:53:15
129,1078809,10/05/2012,SystemMigra,null,03 Jul 2012 07:53:15
130,1078809,CORRECTIVA,SystemMigra,null,03 Jul 2012 07:53:15
131,1078810,1,SystemMigra,null,03 Jul 2012 07:53:15
132,1078810, ,SystemMigra,null,03 Jul 2012 07:53:15
133,1078810,13,SystemMigra,null,03 Jul 2012 07:53:15
134,1078810,19/01/2012,SystemMigra,null,03 Jul 2012 07:53:15
135,1078810,CORRECTIVA,SystemMigra,null,03 Jul 2012 07:53:15
136,1078811, ,SystemMigra,null,03 Jul 2012 07:53:15
137,1078811,1,SystemMigra,null,03 Jul 2012 07:53:15
138,1078811,CORRECTIVA,SystemMigra,null,03 Jul 2012 07:53:15
139,1078811,10,SystemMigra,null,03 Jul 2012 07:53:15
140,1078811,14/10/2011,SystemMigra,null,03 Jul 2012 07:53:15
141,1078812, ,SystemMigra,null,03 Jul 2012 07:53:15
142,1078812,1,SystemMigra,null,03 Jul 2012 07:53:15
143,1078812,CORRECTIVA,SystemMigra,null,03 Jul 2012 07:53:15
144,1078812,4,SystemMigra,null,03 Jul 2012 07:53:15
145,1078812,06/03/2012,SystemMigra,null,03 Jul 2012 07:53:15
146,1078813, ,SystemMigra,null,03 Jul 2012 07:53:15
147,1078813,1,SystemMigra,null,03 Jul 2012 07:53:15
148,1078813,4,SystemMigra,null,03 Jul 2012 07:53:15
149,1078813,CORRECTIVA,SystemMigra,null,03 Jul 2012 07:53:15
150,1078813,06/02/2012,SystemMigra,null,03 Jul 2012 07:53:15
151,1078814, ,SystemMigra,null,03 Jul 2012 07:53:15
152,1078814,1,SystemMigra,null,03 Jul 2012 07:53:15
153,1078814,10,SystemMigra,null,03 Jul 2012 07:53:15
154,1078814,CORRECTIVA,SystemMigra,null,03 Jul 2012 07:53:15
155,1078814,15/05/2012,SystemMigra,null,03 Jul 2012 07:53:15
156,1078815, ,SystemMigra,null,03 Jul 2012 07:53:15
157,1078815,1,SystemMigra,null,03 Jul 2012 07:53:15
158,1078815,CORRECTIVA,SystemMigra,null,03 Jul 2012 07:53:15
159,1078815,12,SystemMigra,null,03 Jul 2012 07:53:15
160,1078815,19/01/2011,SystemMigra,null,03 Jul 2012 07:53:15
161,1078816, ,SystemMigra,null,03 Jul 2012 07:53:15
162,1078816,1,SystemMigra,null,03 Jul 2012 07:53:15
163,1078816,13,SystemMigra,null,03 Jul 2012 07:53:15
164,1078816,18/05/2012,SystemMigra,null,03 Jul 2012 07:53:15
165,1078816,CORRECTIVA,SystemMigra,null,03 Jul 2012 07:53:15
166,1078817, ,SystemMigra,null,03 Jul 2012 07:53:15
167,1078817,1,SystemMigra,null,03 Jul 2012 07:53:15
168,1078817,3,SystemMigra,null,03 Jul 2012 07:53:15
169,1078817,03/08/2011,SystemMigra,null,03 Jul 2012 07:53:15
170,1078817,CORRECTIVA,SystemMigra,null,03 Jul 2012 07:53:15
171,1078818,25 junio 2012, 12:00,SystemMigra,null,03 Jul 2012 07:53:15
172,1078818,1,SystemMigra,null,03 Jul 2012 07:53:15
173,1078818,2,SystemMigra,null,03 Jul 2012 07:53:15
174,1078818,CORRECTIVA,SystemMigra,null,03 Jul 2012 07:53:15
175,1078818,03/05/2012,SystemMigra,null,03 Jul 2012 07:53:15
176,1078819,27 julio 2012, 12:00,SystemMigra,null,03 Jul 2012 07:53:15
177,1078819,CORRECTIVA,SystemMigra,null,03 Jul 2012 07:53:15
178,1078819,1,SystemMigra,null,03 Jul 2012 07:53:15
179,1078819,9,SystemMigra,null,03 Jul 2012 07:53:15
180,1078819,13/02/2012,SystemMigra,null,03 Jul 2012 07:53:15
181,1078820,01/02/2011,SystemMigra,null,03 Jul 2012 07:53:15
182,1078820,CORRECTIVA,SystemMigra,null,03 Jul 2012 07:53:15
183,1078820, ,SystemMigra,null,03 Jul 2012 07:53:15
184,1078820,1,SystemMigra,null,03 Jul 2012 07:53:15
185,1078820,1,SystemMigra,null,03 Jul 2012 07:53:15
186,1078821, ,SystemMigra,null,03 Jul 2012 07:53:15
187,1078821,CORRECTIVA,SystemMigra,null,03 Jul 2012 07:53:15
188,1078821,1,SystemMigra,null,03 Jul 2012 07:53:15
189,1078821,3,SystemMigra,null,03 Jul 2012 07:53:15
190,1078821,05/01/2011,SystemMigra,null,03 Jul 2012 07:53:15
191,1078822,CORRECTIVA,SystemMigra,null,03 Jul 2012 07:53:15
192,1078822, ,SystemMigra,null,03 Jul 2012 07:53:15
193,1078822,1,SystemMigra,null,03 Jul 2012 07:53:15
194,1078822,7,SystemMigra,null,03 Jul 2012 07:53:15
195,1078822,10/06/2010,SystemMigra,null,03 Jul 2012 07:53:15
196,1078823, ,SystemMigra,null,03 Jul 2012 07:53:15
197,1078823,CORRECTIVA,SystemMigra,null,03 Jul 2012 07:53:15
198,1078823,1,SystemMigra,null,03 Jul 2012 07:53:15
199,1078823,7,SystemMigra,null,03 Jul 2012 07:53:15
200,1078823,12/04/2012,SystemMigra,null,03 Jul 2012 07:53:15
