<?xml version="1.0" encoding="UTF-8"?>
<project-private xmlns="http://www.netbeans.org/ns/project-private/1">
    <editor-bookmarks xmlns="http://www.netbeans.org/ns/editor-bookmarks/2" lastBookmarkId="0"/>
    <open-files xmlns="http://www.netbeans.org/ns/projectui-open-files/2">
        <group>
            <file>file:/C:/Users/Familia_JimenezDuque/Desktop/Actividad_Juan_Jimenez/ClinicaCalzaditos/src/java/controladores/EmpleadosControlador.java</file>
            <file>file:/C:/Users/Familia_JimenezDuque/Desktop/Actividad_Juan_Jimenez/ClinicaCalzaditos/src/java/controladores/ConsultarClientesControlador.java</file>
            <file>file:/C:/Users/Familia_JimenezDuque/Desktop/Actividad_Juan_Jimenez/ClinicaCalzaditos/src/java/modelo/ReparacionesPorCliente.java</file>
            <file>file:/C:/Users/Familia_JimenezDuque/Desktop/Actividad_Juan_Jimenez/ClinicaCalzaditos/src/java/controladores/ReporteControlador.java</file>
            <file>file:/C:/Users/Familia_JimenezDuque/Desktop/Actividad_Juan_Jimenez/ClinicaCalzaditos/src/java/controladores/ConsultarReparacionesControlador.java</file>
            <file>file:/C:/Users/Familia_JimenezDuque/Desktop/Actividad_Juan_Jimenez/ClinicaCalzaditos/src/java/ejb/ReparacionesFacade.java</file>
            <file>file:/C:/Users/Familia_JimenezDuque/Desktop/Actividad_Juan_Jimenez/ClinicaCalzaditos/src/java/ejb/EmpleadosFacade.java</file>
            <file>file:/C:/Users/Familia_JimenezDuque/Desktop/Actividad_Juan_Jimenez/ClinicaCalzaditos/src/java/ejb/ReparacionesFacadeLocal.java</file>
            <file>file:/C:/Users/Familia_JimenezDuque/Desktop/Actividad_Juan_Jimenez/ClinicaCalzaditos/web/principal/cajero/generarInformeReparacion.xhtml</file>
            <file>file:/C:/Users/Familia_JimenezDuque/Desktop/Actividad_Juan_Jimenez/ClinicaCalzaditos/web/principal/cajero/consultaReparacion.xhtml</file>
            <file>file:/C:/Users/Familia_JimenezDuque/Desktop/Actividad_Juan_Jimenez/ClinicaCalzaditos/src/java/modelo/TipoCalzado.java</file>
        </group>
    </open-files>
</project-private>
