<?xml version="1.0" encoding="UTF-8"?>
<project-private xmlns="http://www.netbeans.org/ns/project-private/1">
    <editor-bookmarks xmlns="http://www.netbeans.org/ns/editor-bookmarks/2" lastBookmarkId="0"/>
    <open-files xmlns="http://www.netbeans.org/ns/projectui-open-files/2">
        <group>
            <file>file:/C:/Users/Juan%20Carlos%20Jimenez/Documents/NetBeansProjects/Calzaditos/web/WEB-INF/web.xml</file>
            <file>file:/C:/Users/Juan%20Carlos%20Jimenez/Documents/NetBeansProjects/Calzaditos/src/java/facade/EmpleadosFacade.java</file>
            <file>file:/C:/Users/Juan%20Carlos%20Jimenez/Documents/NetBeansProjects/Calzaditos/src/java/facade/MenuFacade.java</file>
            <file>file:/C:/Users/Juan%20Carlos%20Jimenez/Documents/NetBeansProjects/Calzaditos/src/java/model/Menu.java</file>
            <file>file:/C:/Users/Juan%20Carlos%20Jimenez/Documents/NetBeansProjects/Calzaditos/src/java/controller/MainMenuController.java</file>
            <file>file:/C:/Users/Juan%20Carlos%20Jimenez/Documents/NetBeansProjects/Calzaditos/web/index.xhtml</file>
        </group>
    </open-files>
</project-private>
