<?xml version="1.0" encoding="UTF-8"?>
<project-private xmlns="http://www.netbeans.org/ns/project-private/1">
    <open-files xmlns="http://www.netbeans.org/ns/projectui-open-files/2">
        <group>
            <file>file:/C:/Users/Familia_JimenezDuque/Documents/NetBeansProjects/Nomina/src/nomina/Nomina.java</file>
            <file>file:/C:/Users/Familia_JimenezDuque/Documents/NetBeansProjects/Nomina/src/nomina/Empleados.java</file>
        </group>
    </open-files>
</project-private>
